{
  "Gender": {
    "demographic_parity_max_gap": 0.033966435534117156,
    "topk_min_over_max": 0.869158878504673,
    "equal_opportunity_max_gap": 0.0,
    "rank_ordering_max_gap": 1.4687971058185099,
    "score_distribution_overlap": 0.8358085047504842
  },
  "Race": {
    "demographic_parity_max_gap": 0.06060606060606061,
    "topk_min_over_max": 0.44999999999999996,
    "equal_opportunity_max_gap": 0.0,
    "rank_ordering_max_gap": 10.196969696969703,
    "score_distribution_overlap": null
  },
  "Age_Group": {
    "demographic_parity_max_gap": 0.15074750830564787,
    "topk_min_over_max": 0.0,
    "equal_opportunity_max_gap": 0.0,
    "rank_ordering_max_gap": 14.94414451827243,
    "score_distribution_overlap": 0.667878787878788
  },
  "Disability_Status": {
    "demographic_parity_max_gap": 0.05841217605923488,
    "topk_min_over_max": 0.7994652406417112,
    "equal_opportunity_max_gap": 0.0,
    "rank_ordering_max_gap": 4.712464006581641,
    "score_distribution_overlap": 0.7783467446964157
  }
}