{
  "Gender": {
    "demographic_parity_max_gap": 0.021802180218021827,
    "topk_min_over_max": 0.8690609801720912,
    "equal_opportunity_max_gap": 0.0,
    "rank_ordering_max_gap": 8.690869086908691,
    "score_distribution_overlap": 0.7808780878087809
  },
  "Race": {
    "demographic_parity_max_gap": 0.05050505050505061,
    "topk_min_over_max": 0.5777777777777777,
    "equal_opportunity_max_gap": 0.0,
    "rank_ordering_max_gap": 16.742203742203742,
    "score_distribution_overlap": null
  },
  "Age_Group": {
    "demographic_parity_max_gap": NaN,
    "topk_min_over_max": 0.0,
    "equal_opportunity_max_gap": 0.0,
    "rank_ordering_max_gap": NaN,
    "score_distribution_overlap": 0.7870274736624664
  },
  "Disability_Status": {
    "demographic_parity_max_gap": 0.0957446808510638,
    "topk_min_over_max": 0.7340425531914894,
    "equal_opportunity_max_gap": 0.0,
    "rank_ordering_max_gap": 9.840425531914889,
    "score_distribution_overlap": 0.41843971631205673
  }
}